team_id,model_id,AME,DV
2,t2m1,0.00447,Scale_5
2,t2m2,-0.04007,Scale_5
2,t2m3,-0.10363,Scale_5
2,t2m4,-0.07592,Scale_5
3,t3m1,-0.011,Jobs
3,t3m2,0.002,Unemp
3,t3m3,-0.01,IncDiff
3,t3m4,0,OldAge
3,t3m5,0,House
3,t3m6,-0.004,Health
3,t3m7,-0.008,Jobs
3,t3m8,-0.028,Unemp
3,t3m9,-0.022,IncDiff
3,t3m10,0.021,OldAge
3,t3m11,0.027,House
3,t3m12,0.034,Health
5,t5m1,-0.00616,Jobs
5,t5m2,-0.00654,Unemp
5,t5m3,-0.00292,IncDiff
5,t5m4,-0.00086,OldAge
5,t5m5,-0.00124,Jobs
5,t5m6,0.00706,Unemp
5,t5m7,0.00392,IncDiff
5,t5m8,0.00202,OldAge
5,t5m9,-0.00842,Jobs
5,t5m10,-0.00294,Unemp
5,t5m11,-0.00409,IncDiff
5,t5m12,-0.00045,OldAge
5,t5m13,0.02112,Jobs
5,t5m14,0.00733,Unemp
5,t5m15,0.0132,IncDiff
5,t5m16,0.0021,OldAge
5,t5m17,-0.09966,Jobs
5,t5m18,0.09341,Unemp
5,t5m19,-0.05343,IncDiff
5,t5m20,-0.00308,OldAge
5,t5m21,0.00127,Jobs
5,t5m22,0.00041,Unemp
5,t5m23,0.00034,IncDiff
5,t5m24,-0.00051,OldAge
5,t5m25,0.00648,Jobs
5,t5m26,0.06898,Unemp
5,t5m27,-0.01835,IncDiff
5,t5m28,0.00895,OldAge
5,t5m29,-0.00047,Jobs
5,t5m30,0.00185,Unemp
5,t5m31,0.0008,IncDiff
5,t5m32,0.00041,OldAge
6,t6m1,-0.04493,Jobs
6,t6m2,0.02681,Unemp
6,t6m3,-0.03185,IncDiff
6,t6m4,-0.01539,OldAge
6,t6m5,-0.2553,Jobs
6,t6m6,-0.61267,Unemp
6,t6m7,-0.23031,IncDiff
6,t6m8,-0.22025,OldAge
7,t7m1,0.01728,Jobs
7,t7m2,0.05063,Unemp
7,t7m3,0.04258,IncDiff
7,t7m4,0.03399,OldAge
7,t7m5,0.02667,Scale_4
7,t7m6,-0.2376,Jobs
7,t7m7,-0.48632,Unemp
7,t7m8,-0.57886,IncDiff
7,t7m9,-0.35005,OldAge
7,t7m10,-0.30608,Scale_4
8,t8m1,-0.00668,Scale_6
10,t10m1,-0.01011,Jobs
10,t10m2,0.02952,Unemp
10,t10m3,0.00224,IncDiff
10,t10m4,0.01424,OldAge
10,t10m5,-0.00508,House
10,t10m6,-0.0088,Health
10,t10m7,-0.06731,Jobs
10,t10m8,-0.34914,Unemp
10,t10m9,-0.10145,IncDiff
10,t10m10,-0.15193,OldAge
10,t10m11,-0.05372,House
10,t10m12,0.03622,Health
12,t12m1,-0.015,Jobs
12,t12m2,0.031,Unemp
12,t12m3,-0.014,IncDiff
12,t12m4,-0.003,OldAge
12,t12m5,-0.008,House
12,t12m6,-0.034,Health
12,t12m7,0.286,Jobs
12,t12m8,0.113,Unemp
12,t12m9,0.22,IncDiff
12,t12m10,0.285,OldAge
12,t12m11,0.377,House
12,t12m12,0.336,Health
13,t13m1,-0.052,Jobs
13,t13m2,-0.042,Unemp
13,t13m3,-0.024,IncDiff
13,t13m4,-0.042,OldAge
13,t13m5,0.021,House
13,t13m6,-0.009,Health
13,t13m7,-0.48825,Jobs
13,t13m8,0.0465,Unemp
13,t13m9,-0.47275,IncDiff
13,t13m10,0.0775,OldAge
13,t13m11,0.22475,House
13,t13m12,-0.86025,Health
13,t13m13,-0.47,Jobs
13,t13m14,2.09,Unemp
13,t13m15,-0.24,IncDiff
13,t13m16,2.21,OldAge
13,t13m17,2.47,House
13,t13m18,1.47,Health
13,t13m19,0.66,Jobs
13,t13m20,-0.32,Unemp
13,t13m21,-0.57,IncDiff
13,t13m22,0.44,OldAge
13,t13m23,1.3,House
13,t13m24,1.21,Health
16,t16m1,-0.02708,Scale_4
16,t16m2,0.17292,Scale_4
17,t17m1,-0.01659,Scale_4
17,t17m2,-0.06989,Scale_4
17,t17m3,0.01586,Scale_4
18,t18m1,0.004,Jobs
18,t18m2,0.011,Unemp
18,t18m3,-0.001,IncDiff
18,t18m4,0.005,OldAge
18,t18m5,0.006,House
18,t18m6,0.002,Health
18,t18m7,0.047,Jobs
18,t18m8,-0.113,Unemp
18,t18m9,-0.005,IncDiff
18,t18m10,-0.018,OldAge
18,t18m11,0.039,House
18,t18m12,0.144,Health
19,t19m1,0.00154,Scale_6
19,t19m2,-0.0067,Scale_6
19,t19m3,0.0053,Scale_6
19,t19m4,-0.00676,Scale_6
19,t19m5,-0.02785,Scale_6
19,t19m6,-0.02605,Scale_6
19,t19m7,0.08515,Scale_6
19,t19m8,-0.07287,Scale_6
19,t19m9,0.00697,Scale_6
19,t19m10,-0.05889,Scale_6
20,t20m1,-0.037,Scale_6
20,t20m2,0.163,Scale_6
20,t20m3,0.001,Scale_6
21,t21m1,-0.01332,Scale_6
21,t21m2,-0.07136,Scale_6
22,t22m1,-0.01272,Jobs
22,t22m2,0.01833,Unemp
22,t22m3,0.00311,IncDiff
22,t22m4,-0.00146,OldAge
22,t22m5,0.00053,House
22,t22m6,-0.00646,Health
23,t23m1,-0.01117,Jobs
23,t23m2,0.00014,Unemp
23,t23m3,-0.01073,IncDiff
23,t23m4,0.0042,OldAge
23,t23m5,-0.00058,House
23,t23m6,-0.00504,Health
23,t23m7,-0.01153,Jobs
23,t23m8,-2e-05,Unemp
23,t23m9,-0.0112,IncDiff
23,t23m10,0.00368,OldAge
23,t23m11,-0.00519,House
23,t23m12,-0.00604,Health
23,t23m13,-0.01445,Jobs
23,t23m14,0.00034,Unemp
23,t23m15,-0.01601,IncDiff
23,t23m16,0.00314,OldAge
23,t23m17,-2e-05,House
23,t23m18,-0.00521,Health
23,t23m19,-0.0188,Jobs
23,t23m20,-0.00083,Unemp
23,t23m21,-0.01304,IncDiff
23,t23m22,0.00503,OldAge
23,t23m23,-0.00265,House
23,t23m24,-0.00639,Health
23,t23m25,0.0273,Jobs
23,t23m26,0.01548,Unemp
23,t23m27,-0.00673,IncDiff
23,t23m28,0.03246,OldAge
23,t23m29,0.07431,House
23,t23m30,0.01422,Health
23,t23m31,0.02889,Jobs
23,t23m32,0.01573,Unemp
23,t23m33,-0.00602,IncDiff
23,t23m34,0.03108,OldAge
23,t23m35,0.07133,House
23,t23m36,0.01279,Health
23,t23m37,0.1648,Jobs
23,t23m38,0.03511,Unemp
23,t23m39,0.035,IncDiff
23,t23m40,0.02897,OldAge
23,t23m41,0.13443,House
23,t23m42,0.07077,Health
23,t23m43,0.08353,Jobs
23,t23m44,0.01699,Unemp
23,t23m45,0.02776,IncDiff
23,t23m46,0.03638,OldAge
23,t23m47,0.0762,House
23,t23m48,0.02614,Health
26,t26m1,-0.01302,Scale_4
26,t26m2,-0.01202,Scale_4
26,t26m3,-0.17287,Scale_4
26,t26m4,-0.11383,Scale_4
27,t27m1,-0.00746,Jobs
27,t27m2,0.00193,Unemp
27,t27m3,-0.00957,IncDiff
27,t27m4,0.00448,OldAge
27,t27m5,0.0056,House
27,t27m6,-0.0006,Health
27,t27m7,0.02726,Jobs
27,t27m8,0.0162,Unemp
27,t27m9,-0.00208,IncDiff
27,t27m10,0.03044,OldAge
27,t27m11,0.07106,House
27,t27m12,0.01309,Health
28,t28m1,0.00054,Jobs
28,t28m2,-0.00041,Unemp
28,t28m3,-0.00459,IncDiff
28,t28m4,-0.00033,OldAge
28,t28m5,-0.00317,House
28,t28m6,0.0013,Health
28,t28m7,0.00175,Jobs
28,t28m8,0.00087,Unemp
28,t28m9,-0.00311,IncDiff
28,t28m10,-0.00027,OldAge
28,t28m11,-0.00288,House
28,t28m12,0.00014,Health
28,t28m13,-0.00101,Jobs
28,t28m14,-0.00171,Unemp
28,t28m15,-0.00338,IncDiff
28,t28m16,-0.00019,OldAge
28,t28m17,-0.00143,House
28,t28m18,0.00202,Health
28,t28m19,-0.00168,Jobs
28,t28m20,-0.002,Unemp
28,t28m21,-0.0022,IncDiff
28,t28m22,-0.0001,OldAge
28,t28m23,-0.00055,House
28,t28m24,0.00198,Health
29,t29m1,-0.00835,Jobs
29,t29m2,0.00365,Unemp
29,t29m3,-0.00963,IncDiff
29,t29m4,0.00393,OldAge
29,t29m5,-0.01355,Jobs
29,t29m6,-0.00308,Unemp
29,t29m7,-0.02238,IncDiff
29,t29m8,0.00397,OldAge
29,t29m9,-0.00925,Jobs
29,t29m10,0.0031,Unemp
29,t29m11,-0.01002,IncDiff
29,t29m12,0.00322,OldAge
29,t29m13,-0.01421,Jobs
29,t29m14,-0.00323,Unemp
29,t29m15,-0.0226,IncDiff
29,t29m16,0.00343,OldAge
29,t29m17,-0.01893,Jobs
29,t29m18,0.00174,Unemp
29,t29m19,-0.01505,IncDiff
29,t29m20,-0.00039,OldAge
29,t29m21,-0.03191,Jobs
29,t29m22,-0.00854,Unemp
29,t29m23,-0.03722,IncDiff
29,t29m24,-0.00259,OldAge
29,t29m25,0.00749,Jobs
29,t29m26,0.02909,Unemp
29,t29m27,-0.02876,IncDiff
29,t29m28,0.04903,OldAge
29,t29m29,0.03959,Jobs
29,t29m30,0.00945,Unemp
29,t29m31,-0.00929,IncDiff
29,t29m32,0.04842,OldAge
29,t29m33,-0.0001,Jobs
29,t29m34,0.02503,Unemp
29,t29m35,-0.03296,IncDiff
29,t29m36,0.0454,OldAge
29,t29m37,0.02923,Jobs
29,t29m38,0.00533,Unemp
29,t29m39,-0.01496,IncDiff
29,t29m40,0.04513,OldAge
29,t29m41,0.1053,Jobs
29,t29m42,0.04248,Unemp
29,t29m43,-0.01625,IncDiff
29,t29m44,0.03302,OldAge
29,t29m45,0.09723,Jobs
29,t29m46,0.05645,Unemp
29,t29m47,-0.02381,IncDiff
29,t29m48,0.03221,OldAge
30,t30m1,-0.0015,Jobs
30,t30m2,0.0005,Unemp
30,t30m3,-0.003,IncDiff
30,t30m4,0.02,OldAge
30,t30m5,0.0025,Jobs
30,t30m6,-0.0945,Unemp
30,t30m7,-0.016,IncDiff
30,t30m8,0.1735,OldAge
31,t31m1,-0.00908,Jobs
31,t31m2,-0.00466,Unemp
31,t31m3,-0.00794,IncDiff
31,t31m4,0.00055,OldAge
31,t31m5,0.00253,House
31,t31m6,0.00173,Health
31,t31m7,-0.01096,Jobs
31,t31m8,-0.00534,Unemp
31,t31m9,-0.00842,IncDiff
31,t31m10,-0.00068,OldAge
31,t31m11,0.00348,House
31,t31m12,0.00129,Health
31,t31m13,-0.00464,Jobs
31,t31m14,0.00168,Unemp
31,t31m15,-0.0053,IncDiff
31,t31m16,0.00179,OldAge
31,t31m17,0.00616,House
31,t31m18,0.00289,Health
31,t31m19,-0.00644,Jobs
31,t31m20,-0.00351,Unemp
31,t31m21,-0.00716,IncDiff
31,t31m22,0.00059,OldAge
31,t31m23,0.00163,House
31,t31m24,0.00095,Health
31,t31m25,-0.16034,Jobs
31,t31m26,-0.0726,Unemp
31,t31m27,-0.08476,IncDiff
31,t31m28,0.00349,OldAge
31,t31m29,0.05721,House
31,t31m30,0.05028,Health
31,t31m31,-0.08721,Jobs
31,t31m32,-0.03944,Unemp
31,t31m33,-0.06182,IncDiff
31,t31m34,0.01117,OldAge
31,t31m35,0.09819,House
31,t31m36,0.05023,Health
31,t31m37,0.00365,Jobs
31,t31m38,0.09812,Unemp
31,t31m39,-0.027,IncDiff
31,t31m40,0.04401,OldAge
31,t31m41,0.18813,House
31,t31m42,0.09274,Health
31,t31m43,-0.12714,Jobs
31,t31m44,-0.04974,Unemp
31,t31m45,-0.03542,IncDiff
31,t31m46,-0.00217,OldAge
31,t31m47,0.04558,House
31,t31m48,0.04308,Health
32,t32m1,0.00808,Scale_6
33,t33m1,-0.0273,Jobs
33,t33m2,-0.01627,Unemp
33,t33m3,-0.0127,IncDiff
33,t33m4,-0.01715,OldAge
33,t33m5,-0.01884,Scale_4
33,t33m6,-0.02775,Jobs
33,t33m7,-0.0169,Unemp
33,t33m8,-0.01327,IncDiff
33,t33m9,-0.0177,OldAge
33,t33m10,-0.01936,Scale_4
33,t33m11,-0.14264,Jobs
33,t33m12,-0.69668,Unemp
33,t33m13,-0.87331,IncDiff
33,t33m14,0.12731,OldAge
33,t33m15,-0.36475,Scale_4
33,t33m16,-0.3514,Jobs
33,t33m17,-0.99314,Unemp
33,t33m18,-1.13019,IncDiff
33,t33m19,-0.13494,OldAge
33,t33m20,-0.61016,Scale_4
34,t34m1,-0.00725,Scale_6
34,t34m2,0.03175,Scale_6
34,t34m3,0.00183,Scale_6
34,t34m4,0.02514,Scale_6
34,t34m5,-0.29694,Scale_6
34,t34m6,-0.04073,Scale_6
34,t34m7,-0.09016,Scale_6
34,t34m8,-0.0318,Scale_6
34,t34m9,-0.00267,Scale_6
34,t34m10,-0.2404,Scale_6
34,t34m11,0.03846,Scale_6
34,t34m12,-0.02583,Scale_6
34,t34m13,0.00344,Scale_6
34,t34m14,-0.1206,Scale_6
34,t34m15,0.03263,Scale_6
34,t34m16,-0.04026,Scale_6
35,t35m1,-0.008,Scale_6
35,t35m2,0.004,Scale_6
35,t35m3,0.17,Scale_6
35,t35m4,0.01,Scale_6
36,t36m1,-0.00477,Jobs
36,t36m2,0.00665,Unemp
36,t36m3,-0.00515,IncDiff
36,t36m4,0.0057,OldAge
36,t36m5,0.00784,House
36,t36m6,-0.00054,Health
37,t37m1,-0.00822,Scale_6
37,t37m2,-0.0146,Scale_6
37,t37m3,0.01689,Scale_6
38,t38m1,-0.01827,Scale_4
38,t38m2,-0.17891,Scale_4
39,t39m1,-0.02462,Jobs
39,t39m2,-0.02694,Unemp
39,t39m3,-0.02285,IncDiff
39,t39m4,0.00105,OldAge
39,t39m5,-0.01421,House
39,t39m6,0.00991,Health
39,t39m7,-0.19599,Jobs
39,t39m8,-0.25835,Unemp
39,t39m9,-0.30481,IncDiff
39,t39m10,0.06507,OldAge
39,t39m11,-0.13542,House
39,t39m12,0.04395,Health
40,t40m1,0.038,Scale_5
40,t40m2,0.037,Scale_5
40,t40m3,0.028,Scale_5
40,t40m4,0.029,Scale_5
40,t40m5,0.4,Scale_5
40,t40m6,0.405,Scale_5
40,t40m7,0.092,Scale_5
40,t40m8,0.155,Scale_5
41,t41m1,-0.009,Scale_6
41,t41m2,0.06975,Scale_6
41,t41m3,-0.16,Scale_6
41,t41m4,-0.03,Scale_6
41,t41m5,-0.025,Scale_6
41,t41m6,0.06975,Scale_6
41,t41m7,-0.38,Scale_6
41,t41m8,-0.03,Scale_6
41,t41m9,-0.004,Scale_6
41,t41m10,0.062,Scale_6
41,t41m11,-0.1,Scale_6
41,t41m12,0.05,Scale_6
42,t42m1,-0.13612,Scale_6
42,t42m2,-0.37979,Scale_6
43,t43m1,-0.00769,Scale_6
43,t43m2,-0.00812,Scale_6
43,t43m3,-0.00672,Scale_6
43,t43m4,-0.02808,Scale_6
43,t43m5,-0.02996,Scale_6
43,t43m6,-0.05161,Scale_6
45,t45m1,-0.01021,Jobs
45,t45m2,0.00513,Unemp
45,t45m3,-0.01121,IncDiff
45,t45m4,-0.00119,OldAge
45,t45m5,0.00343,House
45,t45m6,-0.00797,Health
46,t46m1,-0.00328,Jobs
46,t46m2,0.01225,Unemp
46,t46m3,-0.00358,IncDiff
46,t46m4,0.00385,OldAge
46,t46m5,0.00795,House
46,t46m6,-0.00299,Health
46,t46m7,0.00139,Jobs
46,t46m8,-0.03569,Unemp
46,t46m9,-0.01861,IncDiff
46,t46m10,0.0166,OldAge
46,t46m11,0.02286,House
46,t46m12,0.04201,Health
46,t46m13,0.00274,Jobs
46,t46m14,-0.00192,Unemp
46,t46m15,-0.00212,IncDiff
46,t46m16,0.00172,OldAge
46,t46m17,0.00234,House
46,t46m18,0.00335,Health
46,t46m19,0.00361,Jobs
46,t46m20,0.00391,Unemp
46,t46m21,0.00267,IncDiff
46,t46m22,0.00051,OldAge
46,t46m23,0.00644,House
46,t46m24,0.00176,Health
47,t47m1,-0.00148,Jobs
47,t47m2,0.05662,Unemp
47,t47m3,-0.06366,IncDiff
47,t47m4,0.00828,OldAge
47,t47m5,0.02675,House
47,t47m6,-0.00371,Health
47,t47m7,0.23725,Jobs
47,t47m8,0.23426,Unemp
47,t47m9,-0.16584,IncDiff
47,t47m10,0.03868,OldAge
47,t47m11,0.14344,House
47,t47m12,0.01204,Health
48,t48m1,-0.019,Jobs
48,t48m2,-0.026,Unemp
48,t48m3,-0.014,IncDiff
48,t48m4,-0.017,OldAge
48,t48m5,-0.013,House
48,t48m6,0.016,Health
48,t48m7,-0.01875,Scale_6
48,t48m8,0.04,Jobs
48,t48m9,0.32,Unemp
48,t48m10,0.09,IncDiff
48,t48m11,0.09,OldAge
48,t48m12,0.04,House
48,t48m13,-0.08,Health
48,t48m14,0.10417,Scale_6
49,t49m1,-0.00902,Jobs
49,t49m2,0.00506,Unemp
49,t49m3,-0.00523,IncDiff
49,t49m4,-0.00241,OldAge
49,t49m5,0.00284,House
49,t49m6,-0.00364,Health
49,t49m7,0.02884,Jobs
49,t49m8,-0.0174,Unemp
49,t49m9,5e-05,IncDiff
49,t49m10,0.01644,OldAge
49,t49m11,0.04901,House
49,t49m12,0.04512,Health
52,t52m1,-0.0173,Jobs
52,t52m2,-0.00458,Unemp
52,t52m3,-0.01512,IncDiff
52,t52m4,-0.00157,OldAge
52,t52m5,-0.00446,House
52,t52m6,-0.00717,Health
52,t52m7,-0.02319,Jobs
52,t52m8,-0.10866,Unemp
52,t52m9,-0.00282,IncDiff
52,t52m10,-0.05165,OldAge
52,t52m11,-0.11705,House
52,t52m12,0.02675,Health
52,t52m13,-0.01999,Jobs
52,t52m14,0.00524,Unemp
52,t52m15,-0.00386,IncDiff
52,t52m16,0.00021,OldAge
52,t52m17,0.0093,House
52,t52m18,-0.0051,Health
52,t52m19,-0.01806,Jobs
52,t52m20,-0.01142,Unemp
52,t52m21,-0.02441,IncDiff
52,t52m22,-0.00425,OldAge
52,t52m23,-0.02254,House
52,t52m24,-0.0094,Health
52,t52m25,-0.1613,Jobs
52,t52m26,-0.27603,Unemp
52,t52m27,0.03434,IncDiff
52,t52m28,-0.02584,OldAge
52,t52m29,-0.33102,House
52,t52m30,-0.12308,Health
52,t52m31,0.00587,Jobs
52,t52m32,-0.12603,Unemp
52,t52m33,0.00567,IncDiff
52,t52m34,-0.08163,OldAge
52,t52m35,-0.0467,House
52,t52m36,0.0402,Health
54,t54m1,0.00362,Scale_4
54,t54m2,0.00257,Scale_4
54,t54m3,-0.00092,Scale_4
54,t54m4,0.05984,Scale_4
54,t54m5,0.06105,Scale_4
54,t54m6,0.03941,Scale_4
54,t54m7,0.00042,Scale_4
54,t54m8,0.0584,Scale_4
54,t54m9,-0.0038,Scale_4
54,t54m10,0.07594,Scale_4
54,t54m11,-0.00542,Scale_4
54,t54m12,0.06423,Scale_4
56,t56m1,-0.007,Scale_6
56,t56m2,0.074,Scale_6
58,t58m1,-0.00104,Jobs
58,t58m2,-0.00165,Unemp
58,t58m3,-0.0008,IncDiff
58,t58m4,-0.00565,OldAge
58,t58m5,-0.00411,House
58,t58m6,-0.01028,Health
58,t58m7,-0.07473,Jobs
58,t58m8,-0.08012,Unemp
58,t58m9,-0.10053,IncDiff
58,t58m10,-0.12149,OldAge
58,t58m11,-0.05599,House
58,t58m12,-0.08664,Health
58,t58m13,-0.14056,Jobs
58,t58m14,-0.14839,Unemp
58,t58m15,-0.24747,IncDiff
58,t58m16,-0.08458,OldAge
58,t58m17,-0.08323,House
58,t58m18,0.04031,Health
58,t58m19,-0.0018,Jobs
58,t58m20,0.00215,Unemp
58,t58m21,0.00221,IncDiff
58,t58m22,0.00537,OldAge
58,t58m23,-0.00256,House
58,t58m24,-0.00844,Health
58,t58m25,-0.2127,Jobs
58,t58m26,-0.16953,Unemp
58,t58m27,-0.17103,IncDiff
58,t58m28,-0.26269,OldAge
58,t58m29,-0.08842,House
58,t58m30,-0.04549,Health
58,t58m31,-0.0624,Jobs
58,t58m32,-0.06727,Unemp
58,t58m33,-0.06249,IncDiff
58,t58m34,-0.0629,OldAge
58,t58m35,-0.03737,House
58,t58m36,-0.06543,Health
59,t59m1,-0.007,Jobs
59,t59m2,0.003,Unemp
59,t59m3,-0.004,IncDiff
59,t59m4,0.007,OldAge
59,t59m5,-0.007,Jobs
59,t59m6,0.003,Unemp
59,t59m7,-0.003,IncDiff
59,t59m8,0.006,OldAge
59,t59m9,-0.01,Jobs
59,t59m10,0.008,Unemp
59,t59m11,-0.007,IncDiff
59,t59m12,0.004,OldAge
59,t59m13,0.004,Jobs
59,t59m14,-0.041,Unemp
59,t59m15,-0.001,IncDiff
59,t59m16,0.022,OldAge
59,t59m17,-0.007,Jobs
59,t59m18,-0.036,Unemp
59,t59m19,-0.01,IncDiff
59,t59m20,0.018,OldAge
59,t59m21,0.013,Jobs
59,t59m22,-0.034,Unemp
59,t59m23,-0.009,IncDiff
59,t59m24,-0.003,OldAge
60,t60m1,-0.00398,Jobs
60,t60m2,-0.00183,Unemp
60,t60m3,-0.00238,IncDiff
60,t60m4,-0.00074,OldAge
60,t60m5,-0.0097,Jobs
60,t60m6,-0.00729,Unemp
60,t60m7,-0.0073,IncDiff
60,t60m8,-0.00109,OldAge
60,t60m9,-0.01045,Jobs
60,t60m10,-0.00651,Unemp
60,t60m11,-0.00992,IncDiff
60,t60m12,-0.00111,OldAge
60,t60m13,-0.03774,Jobs
60,t60m14,0.00018,Unemp
60,t60m15,0.02275,IncDiff
60,t60m16,0.00784,OldAge
60,t60m17,0.02239,Jobs
60,t60m18,0.03597,Unemp
60,t60m19,0.05017,IncDiff
60,t60m20,0.02126,OldAge
60,t60m21,0.00127,Jobs
60,t60m22,0.02205,Unemp
60,t60m23,0.02897,IncDiff
60,t60m24,0.01595,OldAge
61,t61m1,0.01199,Jobs
61,t61m2,0.00299,Unemp
61,t61m3,0.00542,IncDiff
61,t61m4,0.00014,OldAge
61,t61m5,-0.00136,House
61,t61m6,-0.00077,Health
61,t61m7,0.08199,Jobs
61,t61m8,-0.11687,Unemp
61,t61m9,-0.02812,IncDiff
61,t61m10,-0.06017,OldAge
61,t61m11,-0.05421,House
61,t61m12,-0.03288,Health
61,t61m13,0.00074,Jobs
61,t61m14,0.00362,Unemp
61,t61m15,0.00021,IncDiff
61,t61m16,-0.00065,OldAge
61,t61m17,0.00055,House
61,t61m18,-0.00082,Health
61,t61m19,-0.03204,Jobs
61,t61m20,0.03554,Unemp
61,t61m21,-0.00035,IncDiff
61,t61m22,0.0005,OldAge
61,t61m23,0.11263,House
61,t61m24,-0.00064,Health
62,t62m1,-0.01771,Scale_Desrv
62,t62m2,0.00155,Scale_Univ
62,t62m3,0.00545,Scale_Desrv
62,t62m4,-0.01696,Scale_Univ
62,t62m5,-0.017,Scale_Desrv
62,t62m6,0.00294,Scale_Univ
62,t62m7,0.01032,Scale_Desrv
62,t62m8,-0.02279,Scale_Univ
62,t62m9,0.26956,Scale_Desrv
62,t62m10,0.30326,Scale_Univ
62,t62m11,0.0324,Scale_Desrv
62,t62m12,0.1788,Scale_Univ
62,t62m13,0.2826,Scale_Desrv
62,t62m14,0.29628,Scale_Univ
62,t62m15,0.01343,Scale_Desrv
62,t62m16,0.1581,Scale_Univ
64,t64m1,0.01041,Scale_6
64,t64m2,0.00812,Scale_6
64,t64m3,0.00433,Scale_6
64,t64m4,0.01338,Scale_6
64,t64m5,0.00801,Scale_6
64,t64m6,0.00151,Scale_6
64,t64m7,0.01129,Scale_6
64,t64m8,0.01417,Scale_6
64,t64m9,0.02307,Scale_6
64,t64m10,0.04004,Scale_6
64,t64m11,-0.06642,Scale_6
64,t64m12,0.004,Scale_6
64,t64m13,-0.01935,Scale_6
64,t64m14,-0.10929,Scale_6
64,t64m15,-0.01011,Scale_6
64,t64m16,0.11138,Scale_6
65,t65m1,0.0003,Jobs
65,t65m2,0.00142,Unemp
65,t65m3,-0.00165,IncDiff
65,t65m4,0.00025,OldAge
65,t65m5,-0.00056,Jobs
65,t65m6,0.00035,Unemp
65,t65m7,-0.00193,IncDiff
65,t65m8,0.00033,OldAge
65,t65m9,0.0003,Jobs
65,t65m10,0.00136,Unemp
65,t65m11,-0.00201,IncDiff
65,t65m12,0.00058,OldAge
65,t65m13,-0.00635,Jobs
65,t65m14,-0.04916,Unemp
65,t65m15,-0.0473,IncDiff
65,t65m16,-0.03304,OldAge
65,t65m17,-0.00155,Jobs
65,t65m18,-0.04239,Unemp
65,t65m19,-0.04323,IncDiff
65,t65m20,-0.02932,OldAge
65,t65m21,-0.01176,Jobs
65,t65m22,-0.04809,Unemp
65,t65m23,-0.07246,IncDiff
65,t65m24,-0.02818,OldAge
65,t65m25,0.01679,Jobs
65,t65m26,-0.0871,Unemp
65,t65m27,-0.07686,IncDiff
65,t65m28,-0.09051,OldAge
65,t65m29,0.00746,Jobs
65,t65m30,-0.0879,Unemp
65,t65m31,-0.06877,IncDiff
65,t65m32,-0.09318,OldAge
65,t65m33,0.00645,Jobs
65,t65m34,-0.12621,Unemp
65,t65m35,-0.11998,IncDiff
65,t65m36,-0.12645,OldAge
68,t68m1,-0.02688,Jobs
68,t68m2,-0.00733,Unemp
68,t68m3,-0.0074,IncDiff
68,t68m4,-0.00392,OldAge
68,t68m5,-0.00248,House
68,t68m6,-0.00124,Health
68,t68m7,-0.00778,Scale_6
68,t68m8,-0.09153,Jobs
68,t68m9,-0.02995,Unemp
68,t68m10,0.02901,IncDiff
68,t68m11,0.00764,OldAge
68,t68m12,0.00361,House
68,t68m13,0.03529,Health
68,t68m14,-0.00938,Scale_6
68,t68m15,-0.02483,Jobs
68,t68m16,-0.00667,Unemp
68,t68m17,-0.01043,IncDiff
68,t68m18,-0.00529,OldAge
68,t68m19,-0.00317,House
68,t68m20,-0.00391,Health
68,t68m21,-0.00856,Scale_6
68,t68m22,-0.03272,Jobs
68,t68m23,-0.01079,Unemp
68,t68m24,0.05864,IncDiff
68,t68m25,0.02612,OldAge
68,t68m26,0.01183,House
68,t68m27,0.04585,Health
68,t68m28,0.01336,Scale_6
68,t68m29,-0.02148,Jobs
68,t68m30,-0.00838,Unemp
68,t68m31,-0.01118,IncDiff
68,t68m32,-0.00078,OldAge
68,t68m33,0.00014,House
68,t68m34,0.00095,Health
68,t68m35,-0.00647,Scale_6
68,t68m36,-0.01716,Jobs
68,t68m37,-0.02075,Unemp
68,t68m38,0.05044,IncDiff
68,t68m39,0.05631,OldAge
68,t68m40,0.02772,House
68,t68m41,0.06938,Health
68,t68m42,0.02454,Scale_6
68,t68m43,-0.02389,Jobs
68,t68m44,-0.00528,Unemp
68,t68m45,-0.01021,IncDiff
68,t68m46,-0.00468,OldAge
68,t68m47,-0.00297,House
68,t68m48,-0.00222,Health
68,t68m49,-0.00775,Scale_6
68,t68m50,-0.0318,Jobs
68,t68m51,-0.01056,Unemp
68,t68m52,0.05832,IncDiff
68,t68m53,0.02541,OldAge
68,t68m54,0.01195,House
68,t68m55,0.04647,Health
68,t68m56,0.01374,Scale_6
68,t68m57,-0.02552,Jobs
68,t68m58,-0.00665,Unemp
68,t68m59,-0.00797,IncDiff
68,t68m60,-0.00538,OldAge
68,t68m61,-0.00319,House
68,t68m62,-0.00383,Health
68,t68m63,-0.00864,Scale_6
68,t68m64,0.01252,Jobs
68,t68m65,-0.00105,Unemp
68,t68m66,0.10436,IncDiff
68,t68m67,0.02468,OldAge
68,t68m68,0.01116,House
68,t68m69,0.03607,Health
68,t68m70,0.02748,Scale_6
68,t68m71,-0.02543,Jobs
68,t68m72,-0.00851,Unemp
68,t68m73,-0.01188,IncDiff
68,t68m74,-0.00456,OldAge
68,t68m75,-0.003,House
68,t68m76,2e-05,Health
68,t68m77,-0.00881,Scale_6
68,t68m78,-0.03103,Jobs
68,t68m79,-0.00362,Unemp
68,t68m80,0.06693,IncDiff
68,t68m81,0.02105,OldAge
68,t68m82,0.01123,House
68,t68m83,0.03302,Health
68,t68m84,0.01421,Scale_6
68,t68m85,-0.02434,Jobs
68,t68m86,-0.00766,Unemp
68,t68m87,-0.01038,IncDiff
68,t68m88,-0.00603,OldAge
68,t68m89,-0.00329,House
68,t68m90,-0.00428,Health
68,t68m91,-0.00869,Scale_6
68,t68m92,-0.02783,Jobs
68,t68m93,-0.01334,Unemp
68,t68m94,0.05888,IncDiff
68,t68m95,0.02279,OldAge
68,t68m96,0.01001,House
68,t68m97,0.04329,Health
68,t68m98,0.01263,Scale_6
68,t68m99,-0.01343,Jobs
68,t68m100,-0.00648,Unemp
68,t68m101,-0.0048,IncDiff
68,t68m102,-0.00045,OldAge
68,t68m103,0.00017,House
68,t68m104,0.00246,Health
68,t68m105,-0.00419,Scale_6
68,t68m106,0.04246,Jobs
68,t68m107,-0.01006,Unemp
68,t68m108,0.08569,IncDiff
68,t68m109,0.05065,OldAge
68,t68m110,0.03765,House
68,t68m111,0.04391,Health
68,t68m112,0.03781,Scale_6
69,t69m1,-0.01413,Jobs
69,t69m2,0.00865,Unemp
69,t69m3,-0.00751,IncDiff
69,t69m4,0.00054,OldAge
69,t69m5,0.00527,House
69,t69m6,-0.00614,Health
69,t69m7,0.0176,Jobs
69,t69m8,-0.02148,Unemp
69,t69m9,-0.03098,IncDiff
69,t69m10,-0.01001,OldAge
69,t69m11,0.01377,House
69,t69m12,0.02085,Health
70,t70m1,-0.031,Jobs
70,t70m2,-0.016,Unemp
70,t70m3,-0.014,IncDiff
70,t70m4,-0.016,OldAge
70,t70m5,0.086,Jobs
70,t70m6,-0.297,Unemp
70,t70m7,-0.354,IncDiff
70,t70m8,-0.087,OldAge
70,t70m9,-0.04,Jobs
70,t70m10,-0.041,Unemp
70,t70m11,-0.012,IncDiff
70,t70m12,-0.018,OldAge
70,t70m13,0.151,Jobs
70,t70m14,0.184,Unemp
70,t70m15,0.136,IncDiff
70,t70m16,0.087,OldAge
72,t72m1,-0.01418,Jobs
72,t72m2,-0.02693,Unemp
72,t72m3,0.00945,IncDiff
72,t72m4,0.0035,OldAge
72,t72m5,0.0058,House
72,t72m6,0.00254,Health
72,t72m7,0.01302,Jobs
72,t72m8,-0.05507,Unemp
72,t72m9,0.04724,IncDiff
72,t72m10,0.02076,OldAge
72,t72m11,0.06992,House
72,t72m12,0.07826,Health
73,t73m1,-0.00037,Jobs
73,t73m2,0.00525,Unemp
73,t73m3,0.00241,IncDiff
73,t73m4,0.04622,OldAge
73,t73m5,0.02424,House
73,t73m6,-0.00576,Health
73,t73m7,-0.00183,Jobs
73,t73m8,-0.00334,Unemp
73,t73m9,-0.00372,IncDiff
73,t73m10,-0.00435,OldAge
73,t73m11,-0.00049,House
73,t73m12,-0.00135,Health
75,t75m1,-0.05738,Jobs
75,t75m2,-0.05558,Unemp
75,t75m3,0.01117,IncDiff
75,t75m4,-0.02693,OldAge
75,t75m5,-0.0279,House
75,t75m6,-0.06707,Health
75,t75m7,-0.40104,Jobs
75,t75m8,-0.40887,Unemp
75,t75m9,0.42193,IncDiff
75,t75m10,-0.13961,OldAge
75,t75m11,-0.09049,House
75,t75m12,0.19624,Health
75,t75m13,-0.05131,Jobs
75,t75m14,-0.07332,Unemp
75,t75m15,-0.06144,IncDiff
75,t75m16,-0.10362,OldAge
75,t75m17,-0.06506,House
75,t75m18,-0.13293,Health
77,t77m1,-0.011,Scale_6
77,t77m2,0.298,Scale_6
77,t77m3,-0.544,Scale_6
77,t77m4,-0.011,Scale_6
77,t77m5,0.364,Scale_6
77,t77m6,-0.545,Scale_6
82,t82m1,0.00897,Jobs
82,t82m2,-0.0098,Unemp
82,t82m3,0.02807,IncDiff
82,t82m4,-0.01036,OldAge
82,t82m5,-0.00061,Jobs
82,t82m6,0.00586,Unemp
82,t82m7,0.00289,IncDiff
82,t82m8,0.00504,OldAge
83,t83m1,0.00264,Jobs
83,t83m2,0.01202,Unemp
83,t83m3,-0.00906,IncDiff
83,t83m4,-0.00817,OldAge
83,t83m5,-0.00385,House
83,t83m6,0.00429,Health
83,t83m7,0.01281,Jobs
83,t83m8,-0.02983,Unemp
83,t83m9,-0.05076,IncDiff
83,t83m10,0.0048,OldAge
83,t83m11,0.03317,House
83,t83m12,0.01104,Health
84,t84m1,-0.091,Jobs
84,t84m2,0.099,Unemp
84,t84m3,-0.315,IncDiff
84,t84m4,-0.101,OldAge
84,t84m5,0.038,House
84,t84m6,-0.206,Health
84,t84m7,0.021,Jobs
84,t84m8,0.033,Unemp
84,t84m9,0.01,IncDiff
84,t84m10,0.034,OldAge
84,t84m11,0.031,House
84,t84m12,0.038,Health
86,t86m1,-0.01295,Jobs
86,t86m2,0.00835,Unemp
86,t86m3,-0.00054,IncDiff
86,t86m4,0.00097,OldAge
86,t86m5,0.00754,House
86,t86m6,-0.0035,Health
86,t86m7,0.00693,Jobs
86,t86m8,0.02611,Unemp
86,t86m9,0.00345,IncDiff
86,t86m10,0.00942,OldAge
86,t86m11,0.01073,House
86,t86m12,0.00226,Health
86,t86m13,-0.01055,Jobs
86,t86m14,-0.05061,Unemp
86,t86m15,-0.03603,IncDiff
86,t86m16,0.01793,OldAge
86,t86m17,-0.00955,House
86,t86m18,0.01443,Health
86,t86m19,-0.01217,Jobs
86,t86m20,0.00857,Unemp
86,t86m21,0.00158,IncDiff
86,t86m22,0.00052,OldAge
86,t86m23,0.00928,House
86,t86m24,-0.00365,Health
86,t86m25,0.00702,Jobs
86,t86m26,0.02578,Unemp
86,t86m27,0.00329,IncDiff
86,t86m28,0.0075,OldAge
86,t86m29,0.00947,House
86,t86m30,-0.00032,Health
86,t86m31,-0.02208,Jobs
86,t86m32,-0.05835,Unemp
86,t86m33,-0.06665,IncDiff
86,t86m34,0.00077,OldAge
86,t86m35,-0.04739,House
86,t86m36,-0.01535,Health
86,t86m37,-0.01284,Jobs
86,t86m38,0.00841,Unemp
86,t86m39,-0.00053,IncDiff
86,t86m40,0.00098,OldAge
86,t86m41,0.00664,House
86,t86m42,-0.00315,Health
86,t86m43,0.00554,Jobs
86,t86m44,0.02462,Unemp
86,t86m45,0.00344,IncDiff
86,t86m46,0.01006,OldAge
86,t86m47,0.0081,House
86,t86m48,0.00158,Health
86,t86m49,-0.0066,Jobs
86,t86m50,-0.04843,Unemp
86,t86m51,-0.03598,IncDiff
86,t86m52,0.01722,OldAge
86,t86m53,-0.00877,House
86,t86m54,0.01619,Health
87,t87m1,-0.027,Jobs
87,t87m2,-0.029,Unemp
87,t87m3,-0.022,IncDiff
87,t87m4,-0.023,OldAge
87,t87m5,-0.016,House
87,t87m6,-0.025,Health
87,t87m7,-0.03,Jobs
87,t87m8,0.31,Unemp
87,t87m9,0.14,IncDiff
87,t87m10,-0.1,OldAge
87,t87m11,0.29,House
87,t87m12,-0.15,Health
93,t93m1,0.0024,Scale_Desrv
93,t93m2,0.00336,Scale_Univ
93,t93m3,0.04992,Scale_Desrv
93,t93m4,0.05232,Scale_Univ
93,t93m5,0.00288,Scale_Desrv
93,t93m6,0.00384,Scale_Univ
93,t93m7,0.00048,Scale_Desrv
93,t93m8,0.00144,Scale_Univ
93,t93m9,0.00576,Scale_Desrv
93,t93m10,-0.00192,Scale_Univ
93,t93m11,-0.01728,Scale_Desrv
93,t93m12,-0.00288,Scale_Univ
93,t93m13,-0.00528,Scale_Desrv
93,t93m14,0.00096,Scale_Univ
93,t93m15,-0.0432,Scale_Desrv
93,t93m16,-0.0168,Scale_Univ
93,t93m17,-0.02784,Scale_Desrv
93,t93m18,-0.01296,Scale_Univ
93,t93m19,-0.00384,Scale_Desrv
93,t93m20,-0.00144,Scale_Univ
94,t94m1,0.01,Scale_6
94,t94m2,0.01,Scale_6
94,t94m3,0.01,Scale_6
94,t94m4,0.013,Scale_6
94,t94m5,0.007,Scale_6
94,t94m6,0.006,Scale_6
94,t94m7,-0.128,Scale_6
94,t94m8,-0.128,Scale_6
94,t94m9,-0.125,Scale_6
94,t94m10,-0.176,Scale_6
94,t94m11,-0.121,Scale_6
94,t94m12,-0.1,Scale_6
95,t95m1,-0.00556,Jobs
95,t95m2,0.00721,Unemp
95,t95m3,-0.00726,IncDiff
95,t95m4,-0.00591,OldAge
95,t95m5,0.0605,Jobs
95,t95m6,-0.13652,Unemp
95,t95m7,0.14522,IncDiff
95,t95m8,0.03153,OldAge
96,t96m1,-0.00658,Jobs
96,t96m2,0.00569,Unemp
96,t96m3,-0.00472,IncDiff
96,t96m4,0.00557,OldAge
96,t96m5,0.00713,House
96,t96m6,0.00034,Health
96,t96m7,-0.0101,Jobs
96,t96m8,0.0037,Unemp
96,t96m9,-0.00728,IncDiff
96,t96m10,-0.00041,OldAge
96,t96m11,0.00558,House
96,t96m12,-0.00455,Health
96,t96m13,-0.00695,Jobs
96,t96m14,0.01072,Unemp
96,t96m15,-0.00762,IncDiff
96,t96m16,0.00382,OldAge
96,t96m17,0.00625,House
96,t96m18,-0.00138,Health
96,t96m19,-0.00847,Jobs
96,t96m20,0.0097,Unemp
96,t96m21,-0.00473,IncDiff
96,t96m22,0.00525,OldAge
96,t96m23,0.00486,House
96,t96m24,-0.0007,Health
96,t96m25,0.00783,Jobs
96,t96m26,-0.0349,Unemp
96,t96m27,-0.01185,IncDiff
96,t96m28,0.02247,OldAge
96,t96m29,0.04891,House
96,t96m30,0.03939,Health
96,t96m31,0.008,Jobs
96,t96m32,-0.01427,Unemp
96,t96m33,-0.00278,IncDiff
96,t96m34,0.02282,OldAge
96,t96m35,0.05719,House
96,t96m36,0.03702,Health
96,t96m37,0.02318,Jobs
96,t96m38,-0.02342,Unemp
96,t96m39,-0.02318,IncDiff
96,t96m40,0.0044,OldAge
96,t96m41,0.04334,House
96,t96m42,0.03881,Health
96,t96m43,0.02593,Jobs
96,t96m44,-0.05936,Unemp
96,t96m45,0.00023,IncDiff
96,t96m46,0.0083,OldAge
96,t96m47,0.0345,House
96,t96m48,0.0401,Health
96,t96m49,-0.02142,Jobs
96,t96m50,0.0638,Unemp
96,t96m51,-0.0785,IncDiff
96,t96m52,0.00908,OldAge
96,t96m53,0.06346,House
96,t96m54,-0.02052,Health
96,t96m55,0.00169,Jobs
96,t96m56,0.00279,Unemp
96,t96m57,-0.00392,IncDiff
96,t96m58,0.00096,OldAge
96,t96m59,0.00181,House
96,t96m60,-0.00023,Health
96,t96m61,-0.10449,Jobs
96,t96m62,-0.03272,Unemp
96,t96m63,-0.04434,IncDiff
96,t96m64,0.10762,OldAge
96,t96m65,-0.052,House
96,t96m66,0.11591,Health
96,t96m67,-0.00389,Jobs
96,t96m68,-0.00222,Unemp
96,t96m69,-0.00078,IncDiff
96,t96m70,0.00036,OldAge
96,t96m71,-2e-05,House
96,t96m72,0.00253,Health
96,t96m73,-0.11837,Jobs
96,t96m74,0.0646,Unemp
96,t96m75,-0.06142,IncDiff
96,t96m76,-0.01168,OldAge
96,t96m77,0.09956,House
96,t96m78,-0.04536,Health
96,t96m79,0.0069,Jobs
96,t96m80,-6e-05,Unemp
96,t96m81,-0.00122,IncDiff
96,t96m82,0.00148,OldAge
96,t96m83,-0.00257,House
96,t96m84,0.00177,Health
96,t96m85,-0.07249,Jobs
96,t96m86,-0.01094,Unemp
96,t96m87,-0.04095,IncDiff
96,t96m88,0.11728,OldAge
96,t96m89,-0.05853,House
96,t96m90,0.10127,Health
96,t96m91,-0.00309,Jobs
96,t96m92,-0.0021,Unemp
96,t96m93,-0.00033,IncDiff
96,t96m94,-0.00093,OldAge
96,t96m95,0.00063,House
96,t96m96,0.00141,Health
97,t97m1,0.00033,Jobs
97,t97m2,-0.00143,Unemp
97,t97m3,0.00137,IncDiff
97,t97m4,0.00308,OldAge
97,t97m5,-0.00071,House
97,t97m6,0.00631,Health
97,t97m7,-0.02524,Jobs
97,t97m8,-0.06064,Unemp
97,t97m9,-0.00988,IncDiff
97,t97m10,0.00849,OldAge
97,t97m11,-0.00832,House
97,t97m12,0.10312,Health
98,t98m1,-0.00673,Jobs
98,t98m2,-0.00416,Unemp
98,t98m3,-0.00561,IncDiff
98,t98m4,-0.00027,OldAge
98,t98m5,-0.00832,Jobs
98,t98m6,-0.00523,Unemp
98,t98m7,-0.00706,IncDiff
98,t98m8,-0.0011,OldAge
98,t98m9,-0.00737,Jobs
98,t98m10,-0.00281,Unemp
98,t98m11,-0.00439,IncDiff
98,t98m12,9e-05,OldAge
98,t98m13,-0.00367,Jobs
98,t98m14,0.0055,Unemp
98,t98m15,-0.00476,IncDiff
98,t98m16,0.00013,OldAge
98,t98m17,-0.02433,Jobs
98,t98m18,-0.00693,Unemp
98,t98m19,-0.03853,IncDiff
98,t98m20,-0.00081,OldAge
98,t98m21,-0.02541,Jobs
98,t98m22,-0.00728,Unemp
98,t98m23,-0.03941,IncDiff
98,t98m24,0.00153,OldAge
98,t98m25,-0.02476,Jobs
98,t98m26,0.02086,Unemp
98,t98m27,-0.02401,IncDiff
98,t98m28,0.00464,OldAge
98,t98m29,-0.03506,Jobs
98,t98m30,-0.0178,Unemp
98,t98m31,-0.05368,IncDiff
98,t98m32,-0.00167,OldAge
101,t101m1,0.00051,Jobs
101,t101m2,-0.00043,Unemp
101,t101m3,-0.00319,IncDiff
101,t101m4,-0.00177,OldAge
101,t101m5,0.0001,Jobs
101,t101m6,-0.00247,Unemp
101,t101m7,-0.00364,IncDiff
101,t101m8,-0.00175,OldAge
101,t101m9,-0.00063,Jobs
101,t101m10,-0.00441,Unemp
101,t101m11,-0.00573,IncDiff
101,t101m12,-0.00293,OldAge
101,t101m13,0.00662,Jobs
101,t101m14,0.09634,Unemp
101,t101m15,0.01643,IncDiff
101,t101m16,0.131,OldAge
101,t101m17,0.04011,Jobs
101,t101m18,0.23912,Unemp
101,t101m19,0.03723,IncDiff
101,t101m20,0.13593,OldAge
101,t101m21,-0.34927,Jobs
101,t101m22,-0.66325,Unemp
101,t101m23,-0.63345,IncDiff
101,t101m24,0.10564,OldAge
101,t101m25,-0.00182,Jobs
101,t101m26,-0.00291,Unemp
101,t101m27,-0.00338,IncDiff
101,t101m28,-0.0026,OldAge
101,t101m29,-0.00242,Jobs
101,t101m30,-0.00489,Unemp
101,t101m31,-0.00395,IncDiff
101,t101m32,-0.00266,OldAge
101,t101m33,-0.00288,Jobs
101,t101m34,-0.00568,Unemp
101,t101m35,-0.00283,IncDiff
101,t101m36,-0.00268,OldAge
101,t101m37,0.57664,Jobs
101,t101m38,0.79219,Unemp
101,t101m39,0.18426,IncDiff
101,t101m40,0.24245,OldAge
101,t101m41,0.58381,Jobs
101,t101m42,0.821,Unemp
101,t101m43,0.18776,IncDiff
101,t101m44,0.2424,OldAge
101,t101m45,0.66512,Jobs
101,t101m46,0.82343,Unemp
101,t101m47,0.2564,IncDiff
101,t101m48,0.2859,OldAge
104,t104m1,-0.02246,Scale_4
104,t104m2,-13.53765,Scale_4
104,t104m3,-0.0245,Scale_4
104,t104m4,13.06339,Scale_4
106,t106m1,-0.0383,Jobs
106,t106m2,-0.00304,Unemp
106,t106m3,-0.0261,IncDiff
106,t106m4,8e-05,OldAge
